epoch,time,train/box_loss,train/cls_loss,train/dfl_loss,metrics/precision(B),metrics/recall(B),metrics/mAP50(B),metrics/mAP50-95(B),val/box_loss,val/cls_loss,val/dfl_loss,lr/pg0,lr/pg1,lr/pg2
1,812.553,2.09802,7.88995,2.47969,0.385,0.32824,0.28369,0.19776,2.20823,6.82482,2.50399,0.000138446,0.000138446,0.000138446
2,1855.08,2.3673,5.81621,2.64644,0.42702,0.36534,0.3402,0.23052,2.38261,6.16588,2.65601,0.000274699,0.000274699,0.000274699
3,2912.43,2.45008,5.38424,2.72582,0.38132,0.31492,0.27332,0.16531,2.68385,6.33803,2.9278,0.000408201,0.000408201,0.000408201
4,2212.39,2.45031,5.00848,2.73913,0.46071,0.40619,0.37957,0.23584,2.63828,5.31531,2.86372,0.000404615,0.000404615,0.000404615
5,4210.28,2.4115,4.45165,2.68263,0.45493,0.3765,0.37452,0.23989,2.59052,4.77292,2.79938,0.000400487,0.000400487,0.000400487
6,6158.1,2.357,4.12065,2.65145,0.51149,0.40203,0.40753,0.25899,2.57016,4.49897,2.77522,0.000396358,0.000396358,0.000396358
7,10168.5,2.41139,4.07252,2.6986,0.53859,0.4331,0.44711,0.28941,2.52316,4.18117,2.75661,0.00039223,0.00039223,0.00039223
