epoch,time,train/box_loss,train/cls_loss,train/dfl_loss,metrics/precision(B),metrics/recall(B),metrics/mAP50(B),metrics/mAP50-95(B),val/box_loss,val/cls_loss,val/dfl_loss,lr/pg0,lr/pg1,lr/pg2
1,812.553,2.09802,7.88995,2.47969,0.385,0.32824,0.28369,0.19776,2.20823,6.82482,2.50399,0.000138446,0.000138446,0.000138446
2,1855.08,2.3673,5.81621,2.64644,0.42702,0.36534,0.3402,0.23052,2.38261,6.16588,2.65601,0.000274699,0.000274699,0.000274699
3,2912.43,2.45008,5.38424,2.72582,0.38132,0.31492,0.27332,0.16531,2.68385,6.33803,2.9278,0.000408201,0.000408201,0.000408201
